<?xml version="1.0" encoding="UTF-8" standalone="yes"?>
<services>
    <cloudstreamsCollectionKeys serviceName="WmCloudStreams.RestVS">
        <servicesKeys>
            <keyDetails collectionKey="wmtwilioTests.getAccount:getAccount" connectorServiceName="wmtwilioTests.getAccount:getAccount"/>
            <keyDetails collectionKey="wmtwilioTests.getCall:getCall" connectorServiceName="wmtwilioTests.getCall:getCall"/>
            <keyDetails collectionKey="wmtwilioTests.getSMS:getSMS" connectorServiceName="wmtwilioTests.getSMS:getSMS"/>
            <keyDetails collectionKey="wmtwilioTests.makeCall:makeCall" connectorServiceName="wmtwilioTests.makeCall:makeCall"/>
            <keyDetails collectionKey="wmtwilioTests.sendSMS:sendSMS" connectorServiceName="wmtwilioTests.sendSMS:sendSMS"/>
        </servicesKeys>
    </cloudstreamsCollectionKeys>
</services>
